{"current":{"heading_color":"#666666","text_color":"#5e5e5e","accent_color":"#02b856","link_color":"#ffffff","border_color":"#e2e2e2","background":"#eeeaef","secondary_background":"#ffffff","error_color":"#f71b1b","success_color":"#00d864","primary_button_background":"#00d864","primary_button_text_color":"#ffffff","secondary_button_background":"#00d864","secondary_button_text_color":"#ffffff","footer_background":"#1b1b1b","footer_text_color":"#ffffff","header_background":"#f2f2f2","header_text_color":"#464646","header_light_text_color":"#464646","header_accent_color":"#4d00a1","product_on_sale_accent":"#000000","product_cor_do_preco_semdesc":"#00d864","product_cor_do_preco":"#00d864","product_cor_do_preco_riscado":"#f71b1b","product_cor_dos_titles":"#656866","product_in_stock_color":"#00d864","product_low_stock_color":"#f71b1b","product_sold_out_color":"#d1d1d4","product_label_1_background":"#ff6128","product_label_2_background":"#4d00a1","product_star_color":"#ffb647","ali_hunter_enable":true,"botao_direito_enable":true,"addzap":false,"numberzap":"","titlezap":"Fale Conosco \n<span>\nO melhor suporte é com a (Sua Loja)!\n<\/span>","colorzap":"#702dfa","chatzap":"¡Hola! Estoy aquí para ayudarte.","digizap":"Introduzca su mensaje...","base_text_font_size":15,"heading_font":"poppins_n4","text_font":"poppins_n4","underline_links":true,"animation_image_zoom":false,"search_mode":"product","mostrar_fretegratis1":true,"cordabarra":"#00d864","cordotexto":"#ffffff","mostrar_parcelascomo":"no_info_juros","porcentagem_de_juros":"1.2161","qty_vezes":12,"mostrar_estrelas_ryviu":true,"mostrar_estrelas":false,"corstars":"#ffce00","mostrar_bfimg":false,"show_vendor":false,"show_secondary_image":true,"show_discount":true,"discount_mode":"percentage","product_price_position":"after_title","product_image_size":"square","show_color_swatch":false,"show_inventory_quantity":false,"low_inventory_threshold":0,"show_reviews_badge":true,"cart_type":"page","cart_empty_button_link":"shopify:\/\/collections\/all","cart_show_free_shipping_threshold":false,"cart_free_shipping_threshold":"50","social_facebook":"shopify.pxf.io\/ZdnWBq","social_twitter":"shopify.pxf.io\/ZdnWBq","social_pinterest":"","social_instagram":"shopify.pxf.io\/ZdnWBq","social_vimeo":"","social_tumblr":"","social_youtube":"shopify.pxf.io\/ZdnWBq","social_linkedin":"","social_snapchat":"shopify.pxf.io\/ZdnWBq","social_fancy":"","favicon":"shopify:\/\/shop_images\/Gl_LOGO_3.png","checkout_header_image":"","checkout_logo_image":"shopify:\/\/shop_images\/logo210x_40x_6b8e4909-3fbb-4178-8775-39900114df23.png","checkout_logo_position":"center","checkout_logo_size":"medium","checkout_body_background_image":"","checkout_body_background_color":"#ffffff","checkout_input_background_color_mode":"white","checkout_sidebar_background_image":"","checkout_sidebar_background_color":"#f7f4f2","checkout_heading_font":"-apple-system, BlinkMacSystemFont, 'Segoe UI', Roboto, Helvetica, Arial, sans-serif, 'Apple Color Emoji', 'Segoe UI Emoji', 'Segoe UI Symbol'","checkout_body_font":"-apple-system, BlinkMacSystemFont, 'Segoe UI', Roboto, Helvetica, Arial, sans-serif, 'Apple Color Emoji', 'Segoe UI Emoji', 'Segoe UI Symbol'","checkout_accent_color":"#3a2a2f","checkout_button_color":"#f6cc3f","checkout_error_color":"#f71b1b","cordefundo":"#702dfa","header_cordotexto":"#96a3da","header_corsubheader":"#1d2a6c","sections":{"header":{"type":"header","blocks":{"7000eb54-1dfe-42a3-9fb7-577d915b94cb":{"type":"mega_menu","disabled":true,"settings":{"menu_item":"","image_1_heading":"Your image","image_1_text":"Tell your story","image_1_link":"","image_2_heading":"Your image","image_2_text":"Tell your story","image_2_link":""}}},"block_order":["7000eb54-1dfe-42a3-9fb7-577d915b94cb"],"settings":{"enable_sticky_header":false,"rastreiopage":"rastrear-pedidos","logo_max_width":155,"mobile_logo_max_width":125,"barraimg_top":false,"barraimg_bottom":false,"bgimg":"#f7f7f7","imgpc_max_width":65,"imgmob_max_width":90,"linkimg":"","mostrar_barra":true,"background1":"#00d864","background2":"#00d864","background3":"#c1ff00","background4":"#93ff00","show_locale_selector":false,"show_currency_selector":false,"navigation_menu":"","desktop_navigation_layout":"inline","desktop_navigation_open_trigger":"hover","show_navigation_social_media":true,"navigation_phone_number":"(xx) xxxxxx-xxx","navigation_email":"XXXXXXXXXX@XXXXXXX","show_condensed_search":true,"show_search_filter":false,"search_menu":"","show_search_menu_title":true}},"footer":{"type":"footer","blocks":{"footer-1":{"type":"links","settings":{"menu":"footer"}},"c9a6c378-573f-4c54-9fc6-5ca6e279f3f2":{"type":"text","settings":{"title":"ATENCIÓN AL CLIENTE","content":"<p>Correo electrónico: XXXXXXXX@XXX <\/p><p>WhatsApp: +57 (XX) XXXXXXXX<\/p><p>Horario de atención:<\/p><p>XXXXXXXXXXXXXXXXX<\/p>"}},"7ea53098-0e37-4825-a8b9-4958ded17401":{"type":"newsletter","settings":{"title":"Newsletter","subheading":"<p>Reciba ofertas increíbles todas las semanas en su correo electrónico y manténgase siempre informado.<\/p>"}}},"block_order":["footer-1","c9a6c378-573f-4c54-9fc6-5ca6e279f3f2","7ea53098-0e37-4825-a8b9-4958ded17401"],"settings":{"mostrar_cnpj":true,"cnpjaqui":"Tienda oficial","mostrar_mensagemdeaviso":true,"textdordp":"<p>Precios y condiciones de pago exclusivos para compras en este sitio web oficial, sujetos a cambios con el tiempo de la oferta. Evite comprar productos más baratos o de otras tiendas, ya que puede estar siendo engañado(a) por un estafador. En caso de que compre los mismos productos en otras tiendas, <strong>no nos responsabilizamos por cualquier problema.<\/strong><\/p>","mostrar_bandeiras_rdp":true,"txt_bandeiras":"Formas de pagamento","mostrar_logotipo":false,"mostrar_selospretos":false,"mostrar_selosbrancos":true,"mostrar_selo1":true,"selo1":"","mostrar_selo2":false,"selo2":"","mostrar_selo3":true,"selo3":"","mostrar_barra":true,"background1":"#00d864","background2":"#32f4c0","background3":"#00ff76","background4":"#c1ff00","show_social_media":true,"show_payment_icons":false,"show_locale_selector":false,"show_currency_selector":false,"show_cookie_bar":true,"text":"<p>Utilizamos cookies para mejorar nuestro sitio web y su experiencia de compra. Al seguir navegando en nuestro sitio, <strong>usted está de acuerdo con nuestra política de uso de cookies.<\/strong><\/p>","accept_button":"Entendido y cerrar"}},"slideshow":{"type":"slideshow","blocks":{"4665d2ed-db3b-479e-8984-d272fdfab8d8":{"type":"image","settings":{"show_overlay":false,"overlay_opacity":30,"text_color":"#ffffff","title":"","content":"","content_position":"middle_center","button_background":"#ffffff","button_text_color":"#000000","button_text":"","link":"shopify:\/\/collections\/mais-vendidos"}},"bbea030d-de91-4721-9ea1-9660f647bbd7":{"type":"image","settings":{"show_overlay":false,"overlay_opacity":30,"text_color":"#ffffff","title":"","content":"","content_position":"middle_center","button_background":"#ffffff","button_text_color":"#000000","button_text":"","link":"shopify:\/\/collections\/mais-vendidos"}},"fa2eac7c-9fbf-4ea9-a172-eca738a9012d":{"type":"image","settings":{"show_overlay":false,"overlay_opacity":30,"text_color":"#ffffff","title":"","content":"","content_position":"middle_center","button_background":"#ffffff","button_text_color":"#000000","button_text":"","link":"shopify:\/\/collections\/mais-vendidos"}}},"block_order":["4665d2ed-db3b-479e-8984-d272fdfab8d8","bbea030d-de91-4721-9ea1-9660f647bbd7","fa2eac7c-9fbf-4ea9-a172-eca738a9012d"],"settings":{"edge_to_edge":false,"section_size":"preserve_ratio","carousel_effect":"slide","autoplay":false,"cycle_speed":5}},"collection-list":{"type":"collection-list","blocks":{"collection-0":{"type":"collection","settings":{"collection":""}},"collection-1":{"type":"collection","settings":{"collection":""}},"collection-2":{"type":"collection","settings":{"collection":""}},"collection-3":{"type":"collection","settings":{"collection":""}},"collection-4":{"type":"collection","settings":{"collection":""}},"collection-5":{"type":"collection","settings":{"collection":""}},"251025eb-4e17-48d5-b423-fc3c87660798":{"type":"collection","settings":{"collection":""}}},"block_order":["collection-0","collection-1","collection-2","collection-3","collection-4","collection-5","251025eb-4e17-48d5-b423-fc3c87660798"],"disabled":true,"settings":{"title":"Our collections","link_title":"View all","link":"shopify:\/\/collections","round_images":true,"show_collection_title":true}},"collection-template":{"type":"collection-template","settings":{"show_collection_image":false,"collapse_collection_description":false,"collection_image_size":"small","products_per_row":"4","default_products_per_page":24,"default_view_layout":"grid","show_quick_buy":"list","show_quick_view":"list","quick_links":"main-menu","quick_links_show_products_count":false,"show_filters":false,"show_filter_color_swatch":false,"filter_type":"tag","open_group_filters_mode":"all_closed","filter_group_order":""}},"recently-viewed-products":{"type":"recently-viewed-products","settings":{"title":"Recently viewed","show_quick_buy":false}},"product-template":{"type":"product-template","settings":{"mostrar_frete1":true,"titulofrete":"Entrega a todo el país","cordaborda":"#0b0b0b","mostrar_frete2":false,"mostrar_fretegratis":true,"mostrar_frete_full":true,"mostrar_correios":true,"mostrar_devolucao":true,"mostrar_garantia":true,"mostrar_maisvendido":true,"mostrar_campo_personalizado":false,"mostrar_pix":true,"pix":"3","mostrar_natalimg":false,"selector_mode_natalimg":"pos","mostrar_contador":false,"bg_contador":"#00d864","txt_um_contador":"#ffffff","texto_contador":"¡Date prisa! La promoción termina en","txt_dois_contador":"#ffce00","corbandeiras":"#00d864","mostrar_bandeiras":true,"mostrar_cssryviu":false,"mostrar_cssareviews":false,"mostrar_addtocart":false,"mostrar_quantidadevendidos":true,"mostrar_icone":true,"mostrar_codigodoitem":true,"mostrar_barra_de_entrega":true,"blackfriday":false,"show_vendor":true,"show_sku":true,"selector_mode":"block","color_mode":"variant_image","show_quantity_selector":true,"show_payment_button":false,"image_size":"large","enable_image_zoom":true,"enable_video_looping":false,"zoom_effect":"inside","carousel_effect":"fade","show_inventory_quantity":false,"low_inventory_threshold":1,"content_display_mode":"show_all_and_expand_description","tab_page_1_handle":"","tab_page_2_handle":"","tab_page_3_handle":"","enable_reviews":true,"show_reviews_badge":true,"trust_title":"Pagamento Seguro","show_payment_icons":true,"show_shipping_estimator":false,"shipping_estimator_default_country":"","show_refunds_policy":false}},"product-recommendations":{"type":"product-recommendations","settings":{"show_product_recommendations":true,"heading":"Quizás te interese","show_quick_buy":false}},"announcement-bar":{"type":"announcement-bar","settings":{"show_announcement":true,"background1":"#aa00ff","background2":"#4d00a1","text_color":"#ffffff","mostraricone":true,"text":"Envío gratuito","show_newsletter":false,"newsletter_button":"","newsletter_title":"Newsletter","newsletter_content":"<p>Inscríbase en nuestro boletín para recibir las últimas promociones.<\/p>"}},"popups":{"type":"popups","settings":{}},"text-with-icons":{"type":"text-with-icons","blocks":{"text-with-icons-3":{"type":"item","settings":{"icon":"bi-mobile-payment","title":"Compra Segura","content":"<p>Entorno seguro para pagos en línea<\/p>"}},"text-with-icons-0":{"type":"item","settings":{"icon":"bi-fast-delivery","title":"Envío Gratuito","content":"<p>Envío rápido y seguido con código de seguimiento<br\/><\/p>"}},"text-with-icons-2":{"type":"item","settings":{"icon":"bi-love","title":"Apoyo Profesional","content":"<p>Equipo de soporte de calidad excepcional disponible toda la semana.<br\/><\/p>"}},"text-with-icons-1":{"type":"item","settings":{"icon":"bi-returns","title":"Satisfacción o reembolso","content":"<p>En caso de cualquier inconveniente, le devolvemos su dinero con rapidez.<\/p>"}}},"block_order":["text-with-icons-3","text-with-icons-0","text-with-icons-2","text-with-icons-1"],"settings":{"show_section":true,"stack_mobile":false}},"16153539675ef431a7":{"type":"featured-collection","settings":{"collection":"cole6","title":"Cole6","products_count":50,"layout":"vertical","stack_desktop":false,"show_quick_buy":false,"link_title":"Ver todo","link_url":""}},"16153541158fc73818":{"type":"featured-collection","settings":{"collection":"cole1","title":"Cole1","products_count":50,"layout":"vertical","stack_desktop":false,"show_quick_buy":false,"link_title":"Ver todo","link_url":""}},"static-promotion-list":{"type":"static-promotion-list","settings":{"expand_items":false,"section_size":"medium","stack_mobile":false}},"static-recently-viewed-products":{"type":"static-recently-viewed-products","settings":{"show_section":false,"title":"Productos que has visto recientemente","show_quick_buy":false}},"cart-template":{"type":"cart-template","settings":{"enable_order_notes":true,"mostrar_mensagempixcartao":true,"show_payment_icons":true,"gift_wrap_product":"embrulhar-pedido","gift_wrap_text":"¿Desea envolver su pedido?","gift_wrap_button":"Agregar ahora","show_shipping_estimator":false,"shipping_estimator_default_country":"","trust_heading":"Nuestras garantías","upsell_heading":"Aprovecha y llévate también","upsell_collection":"frontpage","upsell_products_count":4}},"static-newsletter":{"type":"static-newsletter","settings":{"show_section":false,"title":"Subscribe to our newsletter","content":"<p>Reciba ofertas exclusivas al suscribirse.<\/p>","subtext":"¡100% gratis, cancela la suscripción en cualquier momento!","background":"#1e2d7d","text":"#ffffff"}},"page-contact-template":{"type":"page-contact-template","settings":{"form_heading":"Preenche o formulário abaixo.","show_store_info":true,"store_heading":"","store_info":""}},"1649489657b78ca727":{"type":"collection-list","blocks":{"1649489657b78ca727-1":{"type":"collection","settings":{"collection":"cole1"}},"1649489657b78ca727-2":{"type":"collection","settings":{"collection":"cole2"}},"1649489657b78ca727-3":{"type":"collection","settings":{"collection":"cole3"}},"1649489657b78ca727-5":{"type":"collection","settings":{"collection":"cole4"}},"d5a5159b-779d-45d2-871b-4a5e622bb3b2":{"type":"collection","settings":{"collection":"cole5"}},"0c56a93b-d66f-4823-ae91-bd01bb634a00":{"type":"collection","settings":{"collection":"cole6"}}},"block_order":["1649489657b78ca727-1","1649489657b78ca727-2","1649489657b78ca727-3","1649489657b78ca727-5","d5a5159b-779d-45d2-871b-4a5e622bb3b2","0c56a93b-d66f-4823-ae91-bd01bb634a00"],"settings":{"title":"","link_title":"Ver tudo","collection_dm_new":true,"link":"shopify:\/\/collections","round_images":true,"show_collection_title":true}},"1649913264519d35a7":{"type":"collection-with-image","settings":{"collection":"cole2","products_count":24,"background1":"#1b1b1b","background2":"#1b1b1b","text_color":"#ffffff","title":"Cole2","content":"","button_background":"#00d864","button_text_color":"#ffffff","button_text":"Ver más productos","button_link":""}},"minimal-header":{"type":"minimal-header","settings":{"logo_max_width":175,"mobile_logo_max_width":145}},"password-template":{"type":"password-template","settings":{"show_social_media":true,"heading":"Loja milionária em construção!","text":"<p>Para acessar e sentir o gostinho do sucesso, coloque a senha \"4321\".<\/p>","show_newsletter_signup":false,"newsletter_text":"<p>A short sentence describing what someone will receive by subscribing.<\/p>"}},"list-collections-template":{"type":"list-collections-template","settings":{"collections_to_show":"all","show_collection_title":true,"show_collection_overlay":true,"collection_overlay_opacity":20}},"7196b9c9-7ec2-46f0-87be-f84dcc1d14b5":{"type":"featured-collection","settings":{"collection":"cole3","title":"Cole3","products_count":12,"layout":"vertical","stack_desktop":false,"show_quick_buy":false,"link_title":"Ver todo","link_url":""}},"9dd41389-f9fe-453e-b65e-1cc7383b8c1f":{"type":"featured-collection","settings":{"collection":"cole4","title":"Cole4","products_count":12,"layout":"vertical","stack_desktop":false,"show_quick_buy":false,"link_title":"Ver todo","link_url":""}},"329bc2be-34eb-46d8-8601-39d8eda721d9":{"type":"featured-collection","settings":{"collection":"cole5","title":"Cole5","products_count":12,"layout":"vertical","stack_desktop":false,"show_quick_buy":false,"link_title":"Ver todo","link_url":""}},"gift-card-template":{"type":"gift-card-template","settings":{}},"blog-template":{"type":"blog-template","settings":{"articles_per_page":12,"highlight_first_article":true,"show_tags":true,"show_category":true,"show_author":true,"show_date":true,"show_excerpt":false}}},"content_for_index":["slideshow","1649489657b78ca727","16153539675ef431a7","16153541158fc73818","1649913264519d35a7","7196b9c9-7ec2-46f0-87be-f84dcc1d14b5","9dd41389-f9fe-453e-b65e-1cc7383b8c1f","329bc2be-34eb-46d8-8601-39d8eda721d9"],"blocks":{"442549160356511856":{"type":"shopify:\/\/apps\/ck-whatsapp-chat-abandoned\/blocks\/app-embed-block\/ce4c5d89-06d5-4502-b18d-35d424a3f693","disabled":true,"settings":{}}}},"presets":{"Metal":{"heading_color":"#1e2d7d","text_color":"#677279","accent_color":"#00badb","link_color":"#00badb","border_color":"#e1e3e4","background":"#f3f5f6","secondary_background":"#ffffff","error_color":"#ff0000","success_color":"#00aa00","primary_button_background":"#00badb","primary_button_text_color":"#ffffff","secondary_button_background":"#1e2d7d","secondary_button_text_color":"#ffffff","header_background":"#1e2d7d","header_text_color":"#ffffff","header_light_text_color":"#a3afef","header_accent_color":"#00badb","product_on_sale_accent":"#ee0000","product_in_stock_color":"#008a00","product_low_stock_color":"#ee0000","product_sold_out_color":"#8a9297","product_label_1_background":"#008a00","product_label_2_background":"#00a500","product_star_color":"#ffbd00","addzap":true,"zapicon":true,"imagezap":"shopify:\/\/shop_images\/super-oferta.png","numberzap":"5551984869182","titlezap":"Fale Conosco \n<span>\nO melhor suporte é com a Luky Ofertas!\n<\/span>","colorzap":"#ff7200","chatzap":"Olá, estou aqui para te ajudar!","digizap":"Digite sua mensagem...","base_text_font_size":16,"heading_font":"din_next_n5","text_font":"din_next_n4","underline_links":true,"animation_image_zoom":true,"search_mode":"product,article","show_vendor":true,"show_secondary_image":true,"product_price_position":"after_title","product_image_size":"natural","show_discount":true,"discount_mode":"saving","show_color_swatch":false,"show_inventory_quantity":false,"low_inventory_threshold":0,"show_reviews_badge":false,"cart_type":"drawer","cart_empty_button_link":"shopify:\/\/collections\/all","cart_show_free_shipping_threshold":false,"cart_free_shipping_threshold":"50","share_image":"","social_facebook":"","social_twitter":"","social_google_plus":"","social_pinterest":"","social_instagram":"","social_vimeo":"","social_tumblr":"","social_youtube":"","social_linkedin":"","social_snapchat":"","social_fancy":"","favicon":"","checkout_header_image":"","checkout_logo_image":"","checkout_logo_position":"left","checkout_logo_size":"medium","checkout_body_background_image":"","checkout_body_background_color":"#fff","checkout_input_background_color_mode":"white","checkout_sidebar_background_image":"","checkout_sidebar_background_color":"#fafafa","checkout_heading_font":"-apple-system, BlinkMacSystemFont, 'Segoe UI', Roboto, Helvetica, Arial, sans-serif, 'Apple Color Emoji', 'Segoe UI Emoji', 'Segoe UI Symbol'","checkout_body_font":"-apple-system, BlinkMacSystemFont, 'Segoe UI', Roboto, Helvetica, Arial, sans-serif, 'Apple Color Emoji', 'Segoe UI Emoji', 'Segoe UI Symbol'","checkout_accent_color":"#00badb","checkout_button_color":"#00badb","checkout_error_color":"#ff0000","sections":{"header":{"type":"header","settings":{"logo":"","logo_max_width":140,"mobile_logo_max_width":100,"navigation_menu":"main-menu","desktop_navigation_layout":"inline","desktop_navigation_open_trigger":"hover","navigation_phone_number":"Call us 000-000-0000","navigation_email":"info@yourwebsite.com","search_menu":""}},"footer":{"type":"footer","blocks":{"footer-0":{"type":"text","settings":{"title":"About the shop","content":"<p>Use this text area to tell your customers about your brand and vision. You can change it in the theme settings.<\/p>"}},"footer-1":{"type":"links","settings":{"menu":"footer"}},"footer-2":{"type":"newsletter","settings":{"title":"Newsletter","subheading":"<p>A short sentence describing what someone will receive by subscribing<\/p>"}}},"block_order":["footer-0","footer-1","footer-2"],"settings":{"show_social_media":true,"show_payment_icons":true}},"slideshow":{"type":"slideshow","blocks":{"slide-0":{"type":"image","settings":{"image":"","mobile_image":"","text_color":"#ffffff","title":"Tell your story","content":"Tell your story","content_position":"bottomLeft","button_background":"#ffffff","button_text_color":"#000000","button_text":"Button","link":""}},"slide-1":{"type":"image","settings":{"image":"","mobile_image":"","text_color":"#ffffff","title":"Tell your story","content":"Tell your story","content_position":"bottomLeft","button_background":"#ffffff","button_text_color":"#000000","button_text":"Button","link":""}}},"block_order":["slide-0","slide-1"],"settings":{"edge_to_edge":true,"section_size":"preserve_ratio","cycle_speed":5}},"collection-list":{"type":"collection-list","blocks":{"collection-0":{"type":"collection","settings":{"collection":"","image":""}},"collection-1":{"type":"collection","settings":{"collection":"","image":""}},"collection-2":{"type":"collection","settings":{"collection":"","image":""}},"collection-3":{"type":"collection","settings":{"collection":"","image":""}},"collection-4":{"type":"collection","settings":{"collection":"","image":""}},"collection-5":{"type":"collection","settings":{"collection":"","image":""}}},"block_order":["collection-0","collection-1","collection-2","collection-3","collection-4","collection-5"],"settings":{"title":"Our collections","link_title":"View all","link":"shopify:\/\/collections"}},"featured-product":{"type":"featured-product","settings":{"product":"","title":"Featured product","selector_mode":"block","color_mode":"color","zoom_effect":"outside","carousel_effect":"fade","low_inventory_threshold":0}},"collection-template":{"type":"collection-template","settings":{"collection_image_size":"small","default_view_layout":"grid","show_quick_buy":"list","show_quick_view":"list","quick_links":"","filter_type":"tag"}},"recently-viewed-products":{"type":"recently-viewed-products","settings":{"title":"Recently viewed"}},"product-template":{"type":"product-template","settings":{"selector_mode":"block","color_mode":"color","zoom_effect":"outside","carousel_effect":"fade","low_inventory_threshold":0,"tab_page_1_handle":"","tab_page_2_handle":"","tab_page_3_handle":"","custom_security_badge":""}},"product-recommendations":{"type":"product-recommendations","settings":{}},"announcement-bar":{"type":"announcement-bar","settings":{"text_color":"#ffffff","text":"Announce something here","newsletter_button":"Subscribe & Save","newsletter_title":"Newsletter","newsletter_content":"<p>A short sentence describing what someone will receive by subscribing<\/p>"}},"1542984811767":{"type":"featured-collection","settings":{"collection":"","title":"Featured collection","products_count":12,"layout":"vertical","link_title":"View all"}},"1542984842027":{"type":"newsletter","settings":{"title":"Newsletter","content":"<p>A short sentence describing what someone will receive by subscribing<\/p>"}},"1542984882560":{"type":"blog-posts","settings":{"blog":"news","title":"Blog posts"}}},"content_for_index":["slideshow","1542984811767","collection-list","1542984842027","featured-product","1542984882560"]},"Wood":{"heading_color":"#3a2a2f","text_color":"#3a2a2f","accent_color":"#ff6128","link_color":"#ff6128","border_color":"#e7e2de","background":"#f7f4f2","secondary_background":"#ffffff","error_color":"#f71b1b","success_color":"#48b448","primary_button_background":"#ff6128","primary_button_text_color":"#ffffff","secondary_button_background":"#3a2a2f","secondary_button_text_color":"#ffffff","header_background":"#3a2a2f","header_text_color":"#ffffff","header_light_text_color":"#e9e2dd","header_accent_color":"#ff6128","product_on_sale_accent":"#ee0000","product_in_stock_color":"#008a00","product_low_stock_color":"#ee0000","product_sold_out_color":"#d1d1d4","product_label_1_background":"#ff6128","product_label_2_background":"#a95ebe","product_star_color":"#ffb647","base_text_font_size":15,"heading_font":"itc_avant_garde_gothic_n5","text_font":"basic_commercial_n4","underline_links":true,"animation_image_zoom":true,"search_mode":"product,article,page","show_vendor":true,"show_secondary_image":true,"show_discount":true,"discount_mode":"percentage","product_price_position":"after_title","product_image_size":"square","show_color_swatch":false,"show_inventory_quantity":true,"low_inventory_threshold":1,"show_reviews_badge":false,"cart_type":"drawer","cart_empty_button_link":"shopify:\/\/collections\/all","cart_show_free_shipping_threshold":true,"cart_free_shipping_threshold":"50","checkout_logo_position":"center","checkout_logo_size":"medium","checkout_body_background_image":"","checkout_body_background_color":"#fff","checkout_input_background_color_mode":"white","checkout_sidebar_background_image":"","checkout_sidebar_background_color":"#f7f4f2","checkout_heading_font":"-apple-system, BlinkMacSystemFont, 'Segoe UI', Roboto, Helvetica, Arial, sans-serif, 'Apple Color Emoji', 'Segoe UI Emoji', 'Segoe UI Symbol'","checkout_body_font":"-apple-system, BlinkMacSystemFont, 'Segoe UI', Roboto, Helvetica, Arial, sans-serif, 'Apple Color Emoji', 'Segoe UI Emoji', 'Segoe UI Symbol'","checkout_accent_color":"#ff6128","checkout_button_color":"#ff6128","checkout_error_color":"#f71b1b","sections":{"header":{"type":"header","settings":{"logo":"","logo_max_width":140,"mobile_logo_max_width":100,"navigation_menu":"main-menu","desktop_navigation_layout":"inline","desktop_navigation_open_trigger":"hover","navigation_phone_number":"Call us 000-000-0000","navigation_email":"info@yourwebsite.com","search_menu":""}},"footer":{"type":"footer","blocks":{"footer-0":{"type":"text","settings":{"title":"About the shop","content":"<p>Use this text area to tell your customers about your brand and vision. You can change it in the theme settings.<\/p>"}},"footer-1":{"type":"links","settings":{"menu":"footer"}},"footer-2":{"type":"newsletter","settings":{"title":"Newsletter","subheading":"<p>A short sentence describing what someone will receive by subscribing<\/p>"}}},"block_order":["footer-0","footer-1","footer-2"],"settings":{"show_social_media":true,"show_payment_icons":true}},"slideshow":{"type":"slideshow","blocks":{"slide-0":{"type":"image","settings":{"image":"","mobile_image":"","text_color":"#ffffff","title":"Tell your story","content":"Tell your story","content_position":"bottomLeft","button_background":"#ffffff","button_text_color":"#000000","button_text":"Button","link":""}},"slide-1":{"type":"image","settings":{"image":"","mobile_image":"","text_color":"#ffffff","title":"Tell your story","content":"Tell your story","content_position":"bottomLeft","button_background":"#ffffff","button_text_color":"#000000","button_text":"Button","link":""}}},"block_order":["slide-0","slide-1"],"settings":{"edge_to_edge":true,"section_size":"preserve_ratio","cycle_speed":5}},"collection-list":{"type":"collection-list","blocks":{"collection-0":{"type":"collection","settings":{"collection":"","image":""}},"collection-1":{"type":"collection","settings":{"collection":"","image":""}},"collection-2":{"type":"collection","settings":{"collection":"","image":""}},"collection-3":{"type":"collection","settings":{"collection":"","image":""}},"collection-4":{"type":"collection","settings":{"collection":"","image":""}},"collection-5":{"type":"collection","settings":{"collection":"","image":""}}},"block_order":["collection-0","collection-1","collection-2","collection-3","collection-4","collection-5"],"settings":{"title":"Our collections","link_title":"View all","link":"shopify:\/\/collections"}},"collection-template":{"type":"collection-template","settings":{"collection_image_size":"small","default_view_layout":"grid","show_quick_buy":"list","show_quick_view":"list","quick_links":"","filter_type":"tag"}},"recently-viewed-products":{"type":"recently-viewed-products","settings":{"title":"Recently viewed"}},"product-template":{"type":"product-template","settings":{"selector_mode":"block","color_mode":"color","zoom_effect":"outside","carousel_effect":"fade","low_inventory_threshold":0,"tab_page_1_handle":"","tab_page_2_handle":"","tab_page_3_handle":"","custom_security_badge":""}},"product-recommendations":{"type":"product-recommendations","settings":{}},"announcement-bar":{"type":"announcement-bar","settings":{"text_color":"#ffffff","text":"Announce something here","newsletter_button":"Subscribe & Save","newsletter_title":"Newsletter","newsletter_content":"<p>A short sentence describing what someone will receive by subscribing<\/p>"}},"1542984811767":{"type":"featured-collection","settings":{"collection":"","title":"Featured collection","products_count":12,"layout":"vertical","link_title":"View all"}},"1550833441117":{"type":"collection-with-image","settings":{"collection":"","products_count":12,"image":"","text_color":"#ffffff","title":"Our best sellers","content":"Shop our most popular products for this season.","button_background":"#e95d2b","button_text_color":"#ffffff","button_text":"Learn more","button_link":""}},"1555314133560":{"type":"promotion-list","blocks":{"1555314133560-0":{"type":"item","settings":{"image":"","show_overlay":false,"stretch_image":false,"background":"#6f42ef","text_color":"#ffffff","title":"Your heading","content":"Tell more about your product, collection...","button_background":"#ffffff","button_text_color":"#6f42ef","button_text":"Learn more","button_link":""}},"1555314133560-1":{"type":"item","settings":{"image":"","show_overlay":false,"stretch_image":false,"background":"#fc2a68","text_color":"#ffffff","title":"Your heading","content":"Tell more about your product, collection...","button_background":"#ffffff","button_text_color":"#fc2a68","button_text":"Learn more","button_link":""}},"1555314133560-2":{"type":"item","settings":{"image":"","show_overlay":false,"stretch_image":false,"background":"#26c1ce","text_color":"#ffffff","title":"Your heading","content":"Tell more about your product, collection...","button_background":"#ffffff","button_text_color":"#26c1ce","button_text":"Learn more","button_link":""}}},"block_order":["1555314133560-0","1555314133560-1","1555314133560-2"],"settings":{"expand_items":false,"section_size":"medium","stack_mobile":false}},"1542984882560":{"type":"blog-posts","settings":{"blog":"news","title":"Blog posts"}}},"content_for_index":["slideshow","1542984811767","1555314133560","collection-list","1550833441117","1542984882560"]}}}